{
  "project_slug": "basil",
  "project_id": "dedc9c7c-0951-4150-b967-559bab682529",
  "byte_seed_version": "AIR_AR_BYTES_V1",
  "generated_at": "2026-01-04T14:39:08.729944Z",
  "kernel": {
    "step": 47,
    "state_index": 14067,
    "state_hex": "363f3f",
    "a_hex": "363",
    "b_hex": "f3f",
    "last_byte": 244
  },
  "logs": {
    "byte_count": 47,
    "event_count": 14,
    "bytes_sha256": "ab5d66c8cb89c8730c25e55ed8e8735966b34a157fb3ed536eb7a082dd5da452",
    "events_sha256": "3a9cc3168ad7cc662f5f83f4d7eb7e5f541d88462db460c837bd21ed33c94d36",
    "project_md_sha256": "01d90869674cb12241bdff8f340ccef5d89aac73eaf648e36f1eb364fd31da6f",
    "report_json_sha256": "22460ee6820a309a766d72d2eb967e4b118272a13753d0e0695a0088bd1c8a55",
    "report_md_sha256": "dcd1c16884d6aff06a363f58c5748da8775b3ce75823550ed003c574068ab00d",
    "project_id_sha256": "09a41af14a07cabd3c06da4366a3bb54fd251e40fb7fee488b7df5dec98e4279"
  },
  "apertures": {
    "economy": 0.5,
    "employment": 0.5833333333333334,
    "education": 0.0
  }
}