{
  "project_slug": "basil",
  "project_id": "dedc9c7c-0951-4150-b967-559bab682529",
  "byte_seed_version": "AIR_AR_BYTES_V1",
  "generated_at": "2026-01-04T22:39:58.162882Z",
  "kernel": {
    "step": 1102,
    "state_index": 47183,
    "state_hex": "b8b4f4",
    "a_hex": "b8b",
    "b_hex": "4f4",
    "last_byte": 227
  },
  "logs": {
    "byte_count": 1102,
    "event_count": 2,
    "bytes_sha256": "a64e3ab86d1b3cbd88569779e0141263a8a8320bbe224fbd43d7744fc4fa2e79",
    "events_sha256": "191b450d9ef2bf7a6ed35952ac32837dea5aab264197f042470d7db9afaa2669",
    "project_md_sha256": "d0ea38db2fbda5db8addc01f7fb3688e25092191df6e3c70c90c1d777fcf33c3",
    "report_json_sha256": "4486d9a13ca48a839723a9a763773f619a095912c980a148dcdf25717e19f81b",
    "report_md_sha256": "7ea0822c3e0c5af32fd0ac81024b7588f5f33397e4a51708f6e3a3c97cc5b7ed",
    "project_id_sha256": "09a41af14a07cabd3c06da4366a3bb54fd251e40fb7fee488b7df5dec98e4279"
  },
  "apertures": {
    "economy": 0.5,
    "employment": 0.5,
    "education": 0.0
  }
}