{
  "project_slug": "basil",
  "project_id": "dedc9c7c-0951-4150-b967-559bab682529",
  "byte_seed_version": "AIR_AR_BYTES_V1",
  "generated_at": "2026-01-07T16:25:32.856906Z",
  "kernel": {
    "step": 912,
    "state_index": 40147,
    "state_hex": "9c9d3d",
    "a_hex": "9c9",
    "b_hex": "d3d",
    "last_byte": 93
  },
  "logs": {
    "byte_count": 912,
    "event_count": 16,
    "bytes_sha256": "dd480c0e8e51d5dfc83e29e2d84303082557a6cc8963b0b32af120c6b0fe9fc4",
    "events_sha256": "79febc7f3135bc6d8a25a3ccc5974ceb49e17d08e8f371b457cfec597ca0b880",
    "project_md_sha256": "a5290ac2562e41f693eb1fc69893f55f8a5268017fcb864e56b214f47bc2d65a",
    "report_json_sha256": "219e405f99acc815e868c120c3a630539f76d417e1720983ce305f817f596b87",
    "report_md_sha256": "1af72809e1667d5fbddb1589ab727bc3770d6872f7782d2fe9a7686f159a68fc",
    "project_id_sha256": "09a41af14a07cabd3c06da4366a3bb54fd251e40fb7fee488b7df5dec98e4279"
  },
  "apertures": {
    "economy": 0.5,
    "employment": 0.5,
    "education": 0.45454545454545453
  }
}