{
  "project_slug": "basil",
  "project_id": "dedc9c7c-0951-4150-b967-559bab682529",
  "compilation": {
    "attestation_count": 228,
    "processed_attestations": 228,
    "skipped_attestations": [],
    "byte_count": 912,
    "kernel": {
      "step": 912,
      "state_index": 40147,
      "state_hex": "9c9d3d",
      "a_hex": "9c9",
      "b_hex": "d3d",
      "last_byte": 93
    },
    "hashes": {
      "bytes_sha256": "dd480c0e8e51d5dfc83e29e2d84303082557a6cc8963b0b32af120c6b0fe9fc4",
      "events_sha256": "79febc7f3135bc6d8a25a3ccc5974ceb49e17d08e8f371b457cfec597ca0b880"
    }
  },
  "accounting": {
    "thm": {
      "totals": {
        "GTD": 56,
        "IVD": 4,
        "IAD": 4,
        "IID": 0
      },
      "by_domain": {
        "economy": {
          "GTD": 24,
          "IVD": 0,
          "IAD": 0,
          "IID": 0
        },
        "employment": {
          "GTD": 20,
          "IVD": 0,
          "IAD": 0,
          "IID": 0
        },
        "education": {
          "GTD": 12,
          "IVD": 4,
          "IAD": 4,
          "IID": 0
        }
      }
    },
    "gyroscope": {
      "totals": {
        "GMT": 48,
        "ICV": 120,
        "IIA": 120,
        "ICI": 560
      },
      "by_domain": {
        "economy": {
          "GMT": 48,
          "ICV": 120,
          "IIA": 116,
          "ICI": 0
        },
        "employment": {
          "GMT": 0,
          "ICV": 0,
          "IIA": 4,
          "ICI": 280
        },
        "education": {
          "GMT": 0,
          "ICV": 0,
          "IIA": 0,
          "ICI": 280
        }
      }
    }
  },
  "ledger": {
    "y_econ": [
      24.0,
      0.0,
      0.0,
      0.0,
      0.0,
      0.0
    ],
    "y_emp": [
      20.0,
      0.0,
      0.0,
      0.0,
      0.0,
      0.0
    ],
    "y_edu": [
      12.0,
      4.0,
      0.0,
      4.0,
      0.0,
      0.0
    ]
  },
  "apertures": {
    "A_econ": 0.5,
    "A_emp": 0.5,
    "A_edu": 0.45454545454545453
  },
  "warnings": {}
}