{
  "project_slug": "basil",
  "project_id": "dedc9c7c-0951-4150-b967-559bab682529",
  "compilation": {
    "attestation_count": 1102,
    "processed_attestations": 1102,
    "skipped_attestations": [],
    "byte_count": 1102,
    "kernel": {
      "step": 1102,
      "state_index": 47183,
      "state_hex": "b8b4f4",
      "a_hex": "b8b",
      "b_hex": "4f4",
      "last_byte": 227
    },
    "hashes": {
      "bytes_sha256": "a64e3ab86d1b3cbd88569779e0141263a8a8320bbe224fbd43d7744fc4fa2e79",
      "events_sha256": "191b450d9ef2bf7a6ed35952ac32837dea5aab264197f042470d7db9afaa2669"
    }
  },
  "accounting": {
    "thm": {
      "totals": {
        "GTD": 0,
        "IVD": 1,
        "IAD": 1,
        "IID": 0
      },
      "by_domain": {
        "economy": {
          "GTD": 0,
          "IVD": 1,
          "IAD": 0,
          "IID": 0
        },
        "employment": {
          "GTD": 0,
          "IVD": 0,
          "IAD": 1,
          "IID": 0
        },
        "education": {
          "GTD": 0,
          "IVD": 0,
          "IAD": 0,
          "IID": 0
        }
      }
    },
    "gyroscope": {
      "totals": {
        "GMT": 900,
        "ICV": 30,
        "IIA": 30,
        "ICI": 140
      },
      "by_domain": {
        "economy": {
          "GMT": 367,
          "ICV": 0,
          "IIA": 0,
          "ICI": 0
        },
        "employment": {
          "GMT": 367,
          "ICV": 0,
          "IIA": 0,
          "ICI": 0
        },
        "education": {
          "GMT": 166,
          "ICV": 30,
          "IIA": 30,
          "ICI": 140
        }
      }
    }
  },
  "ledger": {
    "y_econ": [
      0.0,
      0.0,
      0.0,
      1.0,
      0.0,
      0.0
    ],
    "y_emp": [
      0.0,
      1.0,
      0.0,
      0.0,
      0.0,
      0.0
    ],
    "y_edu": [
      0.0,
      0.0,
      0.0,
      0.0,
      0.0,
      0.0
    ]
  },
  "apertures": {
    "A_econ": 0.5,
    "A_emp": 0.5,
    "A_edu": 0.0
  },
  "warnings": {}
}